{"cameraMode":{"drawMode":0,"name":"Shaded","section":"Shading Mode"},"sceneLighting":false,"audioPlay":false,"sceneViewState":{"showFog":true,"showMaterialUpdate":false,"showSkybox":false,"showFlares":true,"showImageEffects":true,"showParticleSystems":true},"in2DMode":false,"pivot":{"x":-3.1033058166503908,"y":10.314000129699707,"z":-40.589996337890628},"rotation":{"x":-0.36234143376350405,"y":0.01173996739089489,"z":-0.004564838949590921,"w":-0.9319603443145752},"size":74.67044067382813,"orthographic":false}