{"cameraMode":{"drawMode":0,"name":"Shaded","section":"Shading Mode"},"sceneLighting":false,"audioPlay":false,"sceneViewState":{"showFog":true,"showMaterialUpdate":false,"showSkybox":true,"showFlares":true,"showImageEffects":true,"showParticleSystems":true},"in2DMode":false,"pivot":{"x":5153.57568359375,"y":145.48291015625,"z":-831.59765625},"rotation":{"x":0.30727100372314455,"y":0.0570538192987442,"z":-0.01845739036798477,"w":0.9497309327125549},"size":11248.548828125,"orthographic":false}