{"cameraMode":{"drawMode":0,"name":"Shaded","section":"Shading Mode"},"sceneLighting":false,"audioPlay":false,"sceneViewState":{"showFog":true,"showMaterialUpdate":false,"showSkybox":false,"showFlares":true,"showImageEffects":true,"showParticleSystems":true},"in2DMode":false,"pivot":{"x":-0.02104819566011429,"y":0.3615231513977051,"z":-1.9224414825439454},"rotation":{"x":-0.0016769921639934183,"y":0.9783104062080383,"z":-0.20698587596416474,"w":-0.007926205173134804},"size":5.063675403594971,"orthographic":false}