{"cameraMode":{"drawMode":0,"name":"Shaded","section":"Shading Mode"},"sceneLighting":false,"audioPlay":false,"sceneViewState":{"showFog":true,"showMaterialUpdate":false,"showSkybox":true,"showFlares":true,"showImageEffects":true,"showParticleSystems":true},"in2DMode":false,"pivot":{"x":7496.6357421875,"y":-1201.662353515625,"z":-2828.091064453125},"rotation":{"x":0.5049530863761902,"y":0.022255675867199899,"z":-0.013024563901126385,"w":0.8627614974975586},"size":4063.803466796875,"orthographic":false}